"CampaignRepositoryContentID","IsDeleted","CampaignContentID","RepositoryContentName","Size","IsTrash","FullPath","CampaignContentTypeID","CampaignContentTypeIdentifier","AuditCreatedDate","AuditLastUpdatedDate"
"2020","False","2020","Teste de avaliação de reação - 12/abr","0","False","/Talent/AMIL UHG/Documentos de teste","2021","ReactionSurvey::ReactionSurveyContent","12/04/2017 12:06:25","12/04/2017 12:06:25"
"2121","False","2121","Termo de responsabilidade","0","False","/","2021","ReactionSurvey::ReactionSurveyContent","06/12/2017 17:35:56","06/12/2017 17:35:56"
"2222","False","2222","Avaliação de Reação","0","False","/EDUCACAO CORPORATIVA/EDUCACAO CORPORATIVA AMIL /Academia da Saude Amil/Atividades","2021","ReactionSurvey::ReactionSurveyContent","20/04/2018 11:33:54","28/11/2019 15:02:57"
"2323","False","2323","Pesquisa de Satisfação","0","False","/Talent/AMIL UHG/RCP","2021","ReactionSurvey::ReactionSurveyContent","25/06/2018 14:02:30","25/06/2018 14:02:30"
"2424","False","2424","Avaliação de reação","0","False","/Talent/AMIL UHG/Scorms/SBV","2021","ReactionSurvey::ReactionSurveyContent","22/08/2018 10:04:02","22/08/2018 10:12:14"
"2525","False","2525","Enquete","0","False","/Talent/NPS/1. Introduction to the Net Prom/Enquete","2021","ReactionSurvey::ReactionSurveyContent","19/09/2018 20:20:42","26/10/2018 14:11:37"
"2626","False","2626","Feedback","0","False","/Talent/NPS/1. Introduction to the Net Prom","2021","ReactionSurvey::ReactionSurveyContent","21/09/2018 09:57:12","21/09/2018 09:57:12"
"2727","False","2727","Teste","0","True","/","2021","ReactionSurvey::ReactionSurveyContent","31/10/2018 17:37:53","31/10/2018 17:37:53"
"2828","False","2828","Teste","0","True","/","2021","ReactionSurvey::ReactionSurveyContent","31/10/2018 17:37:56","31/10/2018 17:37:56"
"2929","False","2020","Teste 1","0","False","/","2020","Video::WebMeetingContent","01/11/2018 09:56:04","13/08/2019 19:54:12"
"3030","False","2929","Teste","0","True","/","2021","ReactionSurvey::ReactionSurveyContent","22/11/2018 16:27:40","22/11/2018 16:27:40"
"3131","False","3030","Avaliação de Reação - Treinamentos Presenciais","0","True","/","2021","ReactionSurvey::ReactionSurveyContent","19/12/2018 17:13:15","20/11/2020 13:35:59"
"3232","False","3131","Avaliação de reação EAD ","0","False","/EDUCACAO AMERICAS","2021","ReactionSurvey::ReactionSurveyContent","09/01/2019 08:37:02","11/01/2023 16:22:43"
"3333","False","3232","Avaliação de reação  - Treinamento Presencial","0","False","/CARE DELIVERY/DIRAT/AVALIACAO DE REACAO","2021","ReactionSurvey::ReactionSurveyContent","25/01/2019 14:43:35","25/01/2019 14:43:59"
"3334","False","3233","Avaliação de reação - Facilitadores 2","0","False","/CARE DELIVERY/DIRAT/AVALIACAO DE REACAO","2021","ReactionSurvey::ReactionSurveyContent","25/01/2019 16:12:37","31/01/2019 18:14:35"
"3434","False","3333","Avaliação Treinamento Reciclagem de Processos - 10/jan","0","True","/","2021","ReactionSurvey::ReactionSurveyContent","31/01/2019 18:07:04","31/01/2019 18:06:54"
"3535","False","3434","Avaliação de Reação - Treinamentos Presenciais","0","True","/","2021","ReactionSurvey::ReactionSurveyContent","01/02/2019 08:45:36","01/02/2019 08:46:13"
"3636","False","3535","Deixe sua opinião","0","True","/","2021","ReactionSurvey::ReactionSurveyContent","04/02/2019 13:05:35","30/07/2021 11:01:42"
"3737","False","3636","Avaliação de Reação - Treinamentos Presenciais","0","False","/home/p/r/priscila_santos","2021","ReactionSurvey::ReactionSurveyContent","07/02/2019 11:11:33","07/02/2019 11:11:33"
"3738","False","3637","Dê o seu feedback","0","False","/Talent/NPS/3. Customer Feedback  NPS Surv","2021","ReactionSurvey::ReactionSurveyContent","07/02/2019 22:04:39","07/02/2019 22:04:39"
"3838","False","2121","teste","0","False","/Talent/AMIL UHG","2020","Video::WebMeetingContent","28/02/2019 11:15:01","10/09/2019 15:26:02"
"3939","False","3737","Avalia ","0","True","/","2021","ReactionSurvey::ReactionSurveyContent","12/03/2019 10:29:03","12/03/2019 10:29:03"
"3940","False","3738","Avalia ","0","True","/","2021","ReactionSurvey::ReactionSurveyContent","12/03/2019 10:29:06","12/03/2019 10:29:06"
"4040","False","3838","Atividade de Treinamento - Avaliação de Reação Qualidade e-learning","0","False","/CARE DELIVERY/DIRAT/AVALIACAO DE REACAO","2021","ReactionSurvey::ReactionSurveyContent","13/03/2019 18:41:57","13/03/2019 18:41:57"
"4141","False","3939","Avaliação de reação","0","False","/Talent/Programa Unificar/Capital Humano","2021","ReactionSurvey::ReactionSurveyContent","22/03/2019 10:39:38","22/03/2019 10:39:38"
"4242","False","4040","Avaliação de reação","0","True","/","2021","ReactionSurvey::ReactionSurveyContent","22/03/2019 10:53:36","25/03/2019 13:58:56"
"4343","False","4141","Avaliação de Reação.","0","True","/","2021","ReactionSurvey::ReactionSurveyContent","29/03/2019 08:29:23","22/04/2019 16:36:04"
"4444","False","4242","Avaliação de Reação 2021","0","False","/OPERACOES E CUSTOMER SERVICE /CALL CENTER - 2022/CALL CENTER/2021_2020 Tambore ","2021","ReactionSurvey::ReactionSurveyContent","29/03/2019 12:23:46","20/01/2022 20:06:20"
"4545","False","4343","Avaliação de Reação - Treinamentos Virtuais (certificado) 01/09","0","False","/Performance de Valor/OPERACOES - Portal do Conhecimento/Modelo de Avaliacao de Reacao","2021","ReactionSurvey::ReactionSurveyContent","02/04/2019 15:53:18","01/09/2020 14:48:54"
"4646","False","4444","Formulário de solicitação de Curso Externo","0","False","/EDUCACAO CORPORATIVA/AMIL GNEC","2021","ReactionSurvey::ReactionSurveyContent","07/04/2019 11:22:10","26/07/2019 08:05:21"
"4747","False","2222","Webinar - Teste Treinamento","0","True","/","2020","Video::WebMeetingContent","08/04/2019 15:28:10","02/08/2019 14:33:48"
"4848","False","4545","Avaliação de Reação.","0","False","/Talent/Programa Unificar","2021","ReactionSurvey::ReactionSurveyContent","15/04/2019 17:42:13","02/07/2019 10:45:41"
"4949","False","4646","Avaliação_de_Reação_HospitalPaulistano_05.04","0","True","/","2021","ReactionSurvey::ReactionSurveyContent","23/04/2019 13:22:48","23/04/2019 13:22:48"
"5050","False","4747","Formulário de dúvidas não abordadas","0","False","/OPERACOES E CUSTOMER SERVICE /CALL CENTER - 2022/CALL CENTER","2021","ReactionSurvey::ReactionSurveyContent","26/04/2019 18:38:57","26/04/2019 18:38:57"
"5151","False","4848","THC003","0","False","/","2021","ReactionSurvey::ReactionSurveyContent","29/04/2019 09:29:25","29/04/2019 09:29:25"
"5252","False","4949","Mapeamento - Treinamentos para as Agências","0","False","/OPERACOES E CUSTOMER SERVICE /CALL CENTER - 2022/CALL CENTER","2021","ReactionSurvey::ReactionSurveyContent","02/05/2019 17:38:34","09/05/2019 16:47:37"
"5353","False","5050","Avaliação De Reação - 2019","0","True","/","2021","ReactionSurvey::ReactionSurveyContent","03/05/2019 12:20:45","03/05/2019 12:20:45"
"5454","False","5151","teste lucas","0","False","/CARE DELIVERY/SISAGENDA","2021","ReactionSurvey::ReactionSurveyContent","07/05/2019 15:06:37","07/05/2019 15:06:37"
"5555","False","5252","HIST_AVGA735","0","False","/EDUCACAO CORPORATIVA/AMIL GNEC/Atividades Presenciais","2021","ReactionSurvey::ReactionSurveyContent","14/05/2019 07:35:03","14/05/2019 07:35:03"
"5656","False","2323","Webinar - Curitiba","0","True","/","2020","Video::WebMeetingContent","15/05/2019 10:03:15","15/05/2019 10:03:27"
"5757","False","5353","Avaliação de Reação Treinamento Virtual EAD - 2019","0","False","/CALL CENTER/Nova Avaliacao de Reacao","2021","ReactionSurvey::ReactionSurveyContent","17/05/2019 10:24:37","26/05/2020 15:20:45"
"5858","False","2424","teste academia","0","False","/EDUCACAO CORPORATIVA/QUALITY","2020","Video::WebMeetingContent","27/05/2019 16:45:55","27/05/2019 16:45:55"
"5959","False","5454","Avaliação de Reação - Rede - F.E.","0","False","/EDUCACAO CORPORATIVA/EDUCACAO CORPORATIVA AMIL /Academia da Saude Amil/Atividades","2021","ReactionSurvey::ReactionSurveyContent","30/05/2019 11:46:43","03/06/2019 13:58:22"
"6060","False","5555","Avaliação de Reação  teste","0","False","/Talent/Programa Unificar","2021","ReactionSurvey::ReactionSurveyContent","04/06/2019 09:35:09","02/07/2019 10:45:06"
"6161","False","5656","Avaliação de Reação - Treinamentos Virtuais EAD 01/09","0","False","/Performance de Valor/OPERACOES - Portal do Conhecimento/Modelo de Avaliacao de Reacao","2021","ReactionSurvey::ReactionSurveyContent","05/06/2019 08:29:56","01/09/2020 14:02:26"
"6262","False","2525","Teste lucas","0","False","/EDUCACAO CORPORATIVA/QUALITY","2020","Video::WebMeetingContent","06/06/2019 17:54:10","06/06/2019 17:54:46"
"6263","False","2526","Videoconferência Teste Jefferson","0","False","/EDUCACAO CORPORATIVA/QUALITY","2020","Video::WebMeetingContent","06/06/2019 17:54:44","06/06/2019 17:54:44"
"6363","False","2626","Rotinas Gerais - Duvidas","0","False","/home/p/e/pedro_marques_1","2020","Video::WebMeetingContent","07/06/2019 18:10:36","07/06/2019 18:10:39"
"6464","False","5757","PCQ - Avaliação de Reação","0","False","/OPERACOES E CUSTOMER SERVICE /CALL CENTER - 2022/CALL CENTER/PCQ","2021","ReactionSurvey::ReactionSurveyContent","10/06/2019 18:20:09","10/06/2019 18:26:15"
"6565","False","2727","Teste Webinar Curitiba ","0","True","/","2020","Video::WebMeetingContent","27/06/2019 17:15:58","27/06/2019 17:20:14"
"6666","False","2828","Teste Webinar Curitiba 3","0","True","/","2020","Video::WebMeetingContent","03/07/2019 15:04:59","17/07/2019 16:23:58"
"6767","False","5858","Avaliação de Reação - Treinamentos Presenciais DESATUALIZADO NÃO USAR","0","False","/Performance de Valor/OPERACOES - Portal do Conhecimento/Modelo de Avaliacao de Reacao","2021","ReactionSurvey::ReactionSurveyContent","22/07/2019 13:57:48","01/09/2020 20:26:59"
"6868","False","5959","Idiomas","0","False","/Talent/Idiomas","2021","ReactionSurvey::ReactionSurveyContent","29/07/2019 13:12:25","29/07/2019 13:12:25"
"6969","False","6060","Avaliação dos alunos","0","False","/home/l/u/lucas_soares","2021","ReactionSurvey::ReactionSurveyContent","30/07/2019 15:11:34","30/07/2019 15:11:34"
"7070","False","6161","Avaliação de Reação - Treinamentos Presenciais (Certificado) DESATUALIZADO NÃO USAR","0","False","/Performance de Valor/OPERACOES - Portal do Conhecimento/Modelo de Avaliacao de Reacao","2021","ReactionSurvey::ReactionSurveyContent","08/08/2019 07:50:05","01/09/2020 19:36:10"
"7171","False","6262","Treinamento BPM - Módulo I","0","True","/","2021","ReactionSurvey::ReactionSurveyContent","12/08/2019 11:49:10","12/08/2019 11:49:10"
"7272","False","6363","Avaliação de Reação - Treinamento Dental 12 passos","0","True","/","2021","ReactionSurvey::ReactionSurveyContent","14/08/2019 10:14:15","12/09/2019 09:33:55"
"7373","False","2929","teste","0","False","/home/i/n/ingrid_oliveira_4","2020","Video::WebMeetingContent","15/08/2019 16:44:58","15/08/2019 16:44:58"
"7374","False","2930","teste","0","False","/home/i/n/ingrid_oliveira_4","2020","Video::WebMeetingContent","15/08/2019 16:45:45","15/08/2019 17:02:25"
"7474","False","6464","Avaliação de Reação (Virtual)","0","False","/OPERACOES E CUSTOMER SERVICE /CALL CENTER - 2022/CALL CENTER","2021","ReactionSurvey::ReactionSurveyContent","15/08/2019 16:49:17","23/09/2021 17:19:56"
"7575","False","6565","Queremos sua opinião!","0","False","/EDUCACAO CORPORATIVA/EDUCACAO CORPORATIVA AMIL /Academia da Saude Amil/Atividades","2021","ReactionSurvey::ReactionSurveyContent","02/09/2019 16:31:07","17/06/2021 13:31:24"
"7676","False","3030","Teste UNIFICAR","0","False","/","2020","Video::WebMeetingContent","10/09/2019 15:19:23","10/09/2019 15:23:11"
"7777","False","3131","Demonstração de Vídeoconferência","0","True","/","2020","Video::WebMeetingContent","12/09/2019 17:38:38","12/09/2019 17:38:38"
"7878","False","6666","Sugestões Avaliação de desenvolvimento","0","False","/Performance de Valor/OPERACOES - Portal do Conhecimento/MCO - CNaP/Avaliacao de desempenho","2021","ReactionSurvey::ReactionSurveyContent","16/10/2019 10:20:37","21/10/2019 18:30:33"
"7979","False","6767","Sugestões Avaliação de Desenvolvimento","0","False","/home/k/e/keylla_silva","2021","ReactionSurvey::ReactionSurveyContent","16/10/2019 12:55:30","16/10/2019 12:55:30"
"8080","False","6868","Avaliação de Reação","0","False","/Talent/Treinamento","2021","ReactionSurvey::ReactionSurveyContent","21/10/2019 09:49:46","21/10/2019 09:52:59"
"8181","False","3232","Jornada do educador","0","False","/","2020","Video::WebMeetingContent","12/11/2019 14:14:03","12/11/2019 14:14:03"
"8282","False","6969","Pesquisa de Satisfação","0","False","/Performance de Valor/OPERACOES - Portal do Conhecimento/Interagir","2021","ReactionSurvey::ReactionSurveyContent","02/12/2019 15:56:39","02/12/2019 16:12:09"
"8383","False","7070","Dê seu feedback","0","False","/Talent/NPS/5. Connecting Employee Advocacy","2021","ReactionSurvey::ReactionSurveyContent","18/12/2019 09:02:00","18/12/2019 09:02:00"
"8384","False","7071","Dê o seu feedback","0","False","/Talent/NPS/4. Closing the Inner Loop","2021","ReactionSurvey::ReactionSurveyContent","18/12/2019 09:02:53","18/12/2019 09:02:53"
"8484","False","7171","Avaliação do treinamento","0","False","/DIRETORIA DE TECNOLOGIA","2021","ReactionSurvey::ReactionSurveyContent","15/01/2020 16:21:29","15/01/2020 16:21:29"
"8585","False","7272","Avaliação de reação EAD","0","False","/EDUCACAO CORPORATIVA/AMIL GNEC","2021","ReactionSurvey::ReactionSurveyContent","22/01/2020 08:44:14","22/01/2020 08:44:14"
"8686","False","3333","Vídeo Conferencia","0","False","/","2020","Video::WebMeetingContent","30/01/2020 14:15:47","30/01/2020 14:16:50"
"8687","False","3334","Vídeo conferencia","0","False","/","2020","Video::WebMeetingContent","30/01/2020 14:18:49","30/01/2020 14:18:49"
"8787","False","3434","Vídeo conferencia teste","0","False","/home/f/e/felipe.figueiredo","2020","Video::WebMeetingContent","30/01/2020 14:26:52","30/01/2020 14:26:52"
"8888","False","7373","Projeto notificação PF (célula exclusiva) ","0","False","/OPERACOES E CUSTOMER SERVICE /CALL CENTER - 2022/CALL CENTER/2021_2020 Tambore ","2021","ReactionSurvey::ReactionSurveyContent","13/02/2020 16:22:26","13/02/2020 16:36:58"
"8989","False","3535","vídeo teste","0","False","/home/l/u/lucas_soares","2020","Video::WebMeetingContent","14/02/2020 10:40:07","14/02/2020 10:40:07"
"9090","False","3636","vídeo teste","0","False","/home/l/u/lucas_soares","2020","Video::WebMeetingContent","14/02/2020 10:40:16","14/02/2020 10:40:16"
"9191","False","7474","Avaliação de treinamento","0","False","/CARE DELIVERY/TREINAMENTO","2021","ReactionSurvey::ReactionSurveyContent","27/02/2020 18:37:10","08/07/2020 08:50:31"
"9292","False","3737","Teste WebConf","0","True","/","2020","Video::WebMeetingContent","17/03/2020 08:39:57","17/03/2020 11:28:58"
"9393","False","3838","Teste WebConf 2","0","False","/home/f/e/fernanda_silva_6","2020","Video::WebMeetingContent","18/03/2020 09:27:18","18/03/2020 16:34:37"
"9494","False","3939","TESTE DE VIDEOCONFERENCIA PARA ABERTURA DO CHAMADO","0","False","/Talent/TD ANALYTIC","2020","Video::WebMeetingContent","20/03/2020 09:13:59","20/03/2020 09:14:11"
"9595","False","4040","Teste formação dental","0","False","/home/f/e/fernanda_silva_6","2020","Video::WebMeetingContent","20/03/2020 15:24:59","20/03/2020 15:24:59"
"9696","False","4141","Dental II","0","False","/home/f/e/fernanda_silva_6","2020","Video::WebMeetingContent","24/03/2020 13:28:03","24/03/2020 13:28:03"
"9797","False","4242","Dental II","0","False","/home/f/e/fernanda_silva_6","2020","Video::WebMeetingContent","24/03/2020 13:28:05","24/03/2020 13:28:05"
"9898","False","7575","Telemedicina - Tele Consulta Agendada","0","False","/OPERACOES E CUSTOMER SERVICE /CALL CENTER - 2022/CALL CENTER","2021","ReactionSurvey::ReactionSurveyContent","22/04/2020 16:37:54","24/04/2020 19:37:39"
"9999","False","7676","AVALIAÇÃO DE REAÇÃO PARA PRESENCIAL/TEAMS/WEBEX - 01/09","0","False","/Performance de Valor/OPERACOES - Portal do Conhecimento/Modelo de Avaliacao de Reacao","2021","ReactionSurvey::ReactionSurveyContent","29/04/2020 14:56:26","02/09/2020 16:32:52"
"10100","False","4343","teste","0","False","/","2020","Video::WebMeetingContent","07/05/2020 15:35:41","07/05/2020 15:35:41"
"10201","False","4444","teste do webinar","0","False","/home/l/u/lucas_soares","2020","Video::WebMeetingContent","11/05/2020 13:57:09","12/05/2020 09:48:38"
"10302","False","7777","Pesquisa de Efetividade de Comunicação - Teste","0","True","/","2021","ReactionSurvey::ReactionSurveyContent","22/05/2020 10:59:27","22/05/2020 10:59:27"
"10303","False","7778","Pesquisa de Efetividade de Comunicação MCO","0","False","/Performance de Valor/OPERACOES - Portal do Conhecimento/Pesquisa de efetividade Comunicacao MCO","2021","ReactionSurvey::ReactionSurveyContent","22/05/2020 14:44:54","26/05/2020 09:30:26"
"10403","False","7878","Pesquisa de efetividade Comunicação Medial Cost & Operations","0","True","/","2021","ReactionSurvey::ReactionSurveyContent","22/05/2020 11:41:34","22/05/2020 13:04:02"
"10504","False","7979","Pacote Não Padronizado e Pacote Padronizado - Teste","0","True","/","2021","ReactionSurvey::ReactionSurveyContent","27/05/2020 17:08:08","27/05/2020 17:08:08"
"10605","False","8080","Conhecimento Jurídico - Regulatório I - Turma 1","0","False","/home/k/a/katia_santos_4","2021","ReactionSurvey::ReactionSurveyContent","08/06/2020 15:45:45","08/06/2020 15:45:45"
"10706","False","4545","teste td analytics","0","False","/home/l/u/lucas_soares","2020","Video::WebMeetingContent","16/06/2020 17:08:46","16/06/2020 17:08:49"
"10807","False","8181","Avaliação de Reação Interação","0","False","/Talent/AMIL UHG/Avaliacao de Reacao","2021","ReactionSurvey::ReactionSurveyContent","29/06/2020 09:14:38","29/06/2020 09:14:38"
"10808","False","8182","Avaliação Plataforma Americas Telemedicina","0","False","/CARE DELIVERY/TREINAMENTO","2021","ReactionSurvey::ReactionSurveyContent","29/06/2020 14:58:30","29/06/2020 15:05:55"
"10908","False","8282","Avaliação Plataforma Americas Telemedicina","0","True","/","2021","ReactionSurvey::ReactionSurveyContent","29/06/2020 14:40:47","29/06/2020 14:51:25"
"11009","False","8383","Avaliação de Reação","0","False","/OPERACOES E CUSTOMER SERVICE /CALL CENTER - 2022/Videos Salesforce (Julean)","2021","ReactionSurvey::ReactionSurveyContent","15/07/2020 17:05:59","15/07/2020 17:05:59"
"11110","False","8484","Avaliação de Reação","0","False","/OPERACOES E CUSTOMER SERVICE /CALL CENTER - 2022/Conteudos /Trilha de Aprendizagem - Gestor PJ CWB","2021","ReactionSurvey::ReactionSurveyContent","24/07/2020 11:09:52","24/07/2020 12:03:00"
"11211","False","8585","Avaliação de reação webinar","0","False","/Talent/Services","2021","ReactionSurvey::ReactionSurveyContent","29/07/2020 15:12:53","07/08/2020 15:58:56"
"11312","False","8686","Teste Marcela","0","True","/","2021","ReactionSurvey::ReactionSurveyContent","05/08/2020 15:24:00","05/08/2020 15:24:00"
"11413","False","8787","REUNIÃO VIRTUAL SAE - 04/AGOSTO/2020 - H.SAMARITANO HIGIENOPOLIS","0","False","/home/g/i/gisele_ribeiro","2021","ReactionSurvey::ReactionSurveyContent","10/08/2020 16:02:56","10/08/2020 16:02:56"
"11514","False","8888","Avaliação de Reação Webinar BD","0","False","/home/m/a/mariane_lucia","2021","ReactionSurvey::ReactionSurveyContent","20/08/2020 19:08:11","20/08/2020 19:08:11"
"11515","False","8889","Avaliação de Reação Webinar BD","0","False","/home/m/a/mariane_lucia","2021","ReactionSurvey::ReactionSurveyContent","20/08/2020 19:08:13","20/08/2020 19:08:13"
"11615","False","8989","RESSUSCITACAO CARDIOPULMONAR BASICO (RCPB) - H. ALVORADA BRASILIA  ","0","False","/home/s/a/sarah_silva_2","2021","ReactionSurvey::ReactionSurveyContent","25/08/2020 09:05:32","25/08/2020 09:05:32"
"11716","False","9090","Avaliação de Reação - Presencial","0","False","/EDUCACAO AMERICAS","2021","ReactionSurvey::ReactionSurveyContent","26/08/2020 09:51:56","26/08/2020 10:20:53"
"11717","False","9091","Teste RT","0","True","/","2021","ReactionSurvey::ReactionSurveyContent","26/08/2020 15:57:57","26/08/2020 15:57:57"
"11817","False","9191","Teste aditivo RT","0","True","/","2021","ReactionSurvey::ReactionSurveyContent","26/08/2020 15:46:54","26/08/2020 15:46:54"
"11918","False","9292","Avaliação de Reação","0","False","/OPERACOES E CUSTOMER SERVICE /CALL CENTER - 2022/CALL CENTER/2021_2020 Tambore /LGPD - EAD ","2021","ReactionSurvey::ReactionSurveyContent","02/09/2020 18:41:31","02/09/2020 18:43:05"
"12019","False","9393","Líder Mentor","0","False","/OPERACOES E CUSTOMER SERVICE /CALL CENTER - 2022/CALL CENTER/2021_2020 Tambore /Lider Mentor","2021","ReactionSurvey::ReactionSurveyContent","09/09/2020 16:12:44","09/09/2020 16:19:45"
"12120","False","9494","Avaliação de reação","0","False","/Talent/Services/TRIAGEM ESI","2021","ReactionSurvey::ReactionSurveyContent","11/09/2020 14:13:42","11/09/2020 14:13:42"
"12221","False","9595","Avaliação de reação","0","False","/Talent/Services/TRIAGEM ESI","2021","ReactionSurvey::ReactionSurveyContent","11/09/2020 14:13:46","11/09/2020 14:13:46"
"12322","False","4646","Teste_Workshop_CO430","0","True","/","2020","Video::WebMeetingContent","25/09/2020 13:10:47","25/09/2020 13:11:13"
"12423","False","9696","Mapeamento - Treinamentos Movimentação Financeira","0","False","/OPERACOES E CUSTOMER SERVICE /CALL CENTER - 2022/CALL CENTER/2021_2020 Tambore /Skill Movimentacao Financeira ","2021","ReactionSurvey::ReactionSurveyContent","19/10/2020 18:00:09","22/10/2020 11:20:20"
"12524","False","9797","AVALIAÇÃO EAD","0","False","/Talent/AMIL UHG/Avaliacao de Reacao","2021","ReactionSurvey::ReactionSurveyContent","28/10/2020 08:46:13","21/12/2020 19:27:20"
"12625","False","9898","Avaliação de reação do Fórum de Embaixadores do Neolude","0","False","/home/l/u/lucas_soares","2021","ReactionSurvey::ReactionSurveyContent","24/11/2020 16:36:27","24/11/2020 16:36:27"
"12626","False","9899","Avaliação de reação do Fórum de Embaixadores do Neolude","0","False","/Talent/TD ANALYTICS","2021","ReactionSurvey::ReactionSurveyContent","24/11/2020 16:36:32","27/11/2020 11:43:46"
"12726","False","9999","Pesquisa de Reação: Guia Prático Autorizações/GIH - Alterações","0","False","/OPERACOES E CUSTOMER SERVICE /CALL CENTER - 2022/CALL CENTER/2021_2020 Tambore /Karim Guia Pratico AutorizacoesGIH","2021","ReactionSurvey::ReactionSurveyContent","02/12/2020 14:41:18","02/12/2020 14:43:41"
"12827","False","10100","Avaliação de reação","0","False","/home/m/a/mariane_lucia","2021","ReactionSurvey::ReactionSurveyContent","04/12/2020 11:56:10","04/12/2020 11:56:10"
"12928","False","10201","Avaliação de Reação","0","False","/home/m/a/mariane_lucia","2021","ReactionSurvey::ReactionSurveyContent","04/12/2020 17:12:55","04/12/2020 17:12:55"
"13029","False","10302","Cronograma 2021","0","False","/","2021","ReactionSurvey::ReactionSurveyContent","08/12/2020 09:44:40","08/12/2020 09:44:40"
"13130","False","10403","Cronograma 2021","0","False","/COMPLIANCE","2021","ReactionSurvey::ReactionSurveyContent","08/12/2020 09:47:05","08/12/2020 09:49:23"
"13231","False","4747","Evento Virtual - Proposta de Valor Amil","0","False","/UNIVERSIDADE DE VENDAS/GESTAO PASSADA /2020","2020","Video::WebMeetingContent","09/12/2020 10:49:07","09/12/2020 10:49:18"
"13232","False","10504","Avaliação de Performance","0","True","/","2021","ReactionSurvey::ReactionSurveyContent","09/12/2020 20:15:59","10/12/2020 18:38:21"
"13332","False","10605","Avaliação de Reação 2021 (Presencial/Remoto)","0","False","/OPERACOES E CUSTOMER SERVICE /01-TR OPERACOES - 2022","2021","ReactionSurvey::ReactionSurveyContent","30/12/2020 16:20:54","25/02/2022 15:10:46"
"13433","False","10706","Avaliação de Reação Performance de Valor 2021  - EAD","0","True","/","2021","ReactionSurvey::ReactionSurveyContent","31/12/2020 07:44:00","24/05/2021 15:17:54"
"13534","False","10807","AVALIAÇÃO DE REAÇÃO  2022 (EAD)","0","False","/OPERACOES E CUSTOMER SERVICE /Treinamento Operacoes/Pesquisa Reacao","2021","ReactionSurvey::ReactionSurveyContent","31/12/2020 08:06:33","28/05/2022 07:59:01"
"13635","False","10908","Avaliação de Reação","0","False","/OPERACOES E CUSTOMER SERVICE /Treinamentos MCO/Pesquisas de reacao 2021","2021","ReactionSurvey::ReactionSurveyContent","21/01/2021 15:16:21","21/01/2021 15:19:53"
"13736","False","11009","repert","0","False","/OPERACOES E CUSTOMER SERVICE /Treinamentos MCO/Pesquisas de reacao 2021","2021","ReactionSurvey::ReactionSurveyContent","21/01/2021 15:21:31","21/01/2021 15:21:31"
"13837","False","11110","Como foi a sua jornada?","0","True","/","2021","ReactionSurvey::ReactionSurveyContent","23/01/2021 18:37:20","23/01/2021 18:37:20"
"13838","False","11111","Conecte-se com a Amil - Como foi a sua jornada?","0","True","/","2021","ReactionSurvey::ReactionSurveyContent","23/01/2021 18:50:56","23/01/2021 18:53:49"
"13839","False","11112","Conecte-se com a Amil - Como foi a sua jornada?","0","True","/","2021","ReactionSurvey::ReactionSurveyContent","23/01/2021 18:54:30","23/01/2021 18:54:43"
"13938","False","11211","Queremos ouvir você!","0","True","/","2021","ReactionSurvey::ReactionSurveyContent","31/01/2021 21:38:19","31/01/2021 21:38:19"
"14039","False","11312","O que você achou do vídeo?","0","False","/OPERACOES E CUSTOMER SERVICE /SalesForce - Treinamento","2021","ReactionSurvey::ReactionSurveyContent","08/03/2021 21:40:49","08/03/2021 21:40:49"
"14140","False","11413","Cadastro Central de Atendimento","0","False","/OPERACOES E CUSTOMER SERVICE /CALL CENTER - 2022/CALL CENTER/2021_2020 Tambore /2021","2021","ReactionSurvey::ReactionSurveyContent","18/03/2021 18:15:35","18/03/2021 21:00:07"
"14241","False","11514","teste avaliação FORMS","0","False","/CARE DELIVERY/TREINAMENTO","2021","ReactionSurvey::ReactionSurveyContent","19/03/2021 15:21:38","19/03/2021 15:21:38"
"14342","False","11615","Avaliação de Reação - GNEC ","0","True","/","2021","ReactionSurvey::ReactionSurveyContent","25/03/2021 16:25:34","25/03/2021 16:25:34"
"14443","False","11716","Avaliação de reação EAD","0","False","/EDUCACAO CORPORATIVA/AMIL GNEC/Avaliacao de reacao","2021","ReactionSurvey::ReactionSurveyContent","26/03/2021 10:32:52","26/03/2021 10:32:52"
"14544","False","11817","Avaliação de Reação Completa GNEC","0","False","/EDUCACAO CORPORATIVA/AMIL GNEC/AVALIACAO DE REACAO - GNEC","2021","ReactionSurvey::ReactionSurveyContent","26/03/2021 10:45:04","26/04/2022 13:48:18"
"14645","False","11918","Queremos ouvir você!","0","True","/","2021","ReactionSurvey::ReactionSurveyContent","10/04/2021 18:19:15","10/04/2021 18:19:15"
"14646","False","11919","Deixe sua opinião","0","True","/","2021","ReactionSurvey::ReactionSurveyContent","10/04/2021 18:20:18","10/04/2021 18:20:18"
"14647","False","11920","Nos envie seu feedback","0","True","/","2021","ReactionSurvey::ReactionSurveyContent","10/04/2021 18:32:26","10/04/2021 18:33:56"
"14648","False","11921","Deixe seu comentário","0","True","/","2021","ReactionSurvey::ReactionSurveyContent","10/04/2021 18:43:19","10/04/2021 18:44:15"
"14746","False","12019","Avaliação de Reação - Projeto WP7 Release 2","0","False","/OPERACOES E CUSTOMER SERVICE /CALL CENTER - 2022/CALL CENTER/2021_2020 Tambore /2021/EAD WP7 RELEASE 2","2021","ReactionSurvey::ReactionSurveyContent","14/04/2021 19:18:31","14/04/2021 19:33:39"
"14847","False","12120","Avaliação de Reação Performance de Valor 2022  - EAD","0","False","/Performance de Valor/Avaliacao de Reacao","2021","ReactionSurvey::ReactionSurveyContent","15/04/2021 07:39:50","03/01/2022 11:55:47"
"14948","False","12221","Avaliação de Reação Performance de Valor 2022  - PRESENCIAL","0","False","/Performance de Valor/Avaliacao de Reacao","2021","ReactionSurvey::ReactionSurveyContent","15/04/2021 15:22:40","01/11/2022 14:03:33"
"14949","False","12222","Pesquisa de Opinião aos Avaliadores (abril de 2021)","0","False","/EDUCACAO CORPORATIVA/AMIL GNEC/CURSOS PRESENCIAIS - GNEC/PROGRAMA FORMACAO DE AVALIADORES INTERNOS UHG","2021","ReactionSurvey::ReactionSurveyContent","15/04/2021 16:49:10","15/04/2021 16:49:10"
"15049","False","12322","Formulário de inscrição - Idiomas Online Voxy","0","False","/home/s/i/simone_siolin","2021","ReactionSurvey::ReactionSurveyContent","20/04/2021 13:12:46","20/04/2021 13:12:46"
"15050","False","12323","Formulário Incentivo Educacional ","0","False","/home/s/i/simone_siolin","2021","ReactionSurvey::ReactionSurveyContent","20/04/2021 17:05:12","20/04/2021 17:19:08"
"15150","False","12423","Formulário de inscrição - Idiomas Online Voxy","0","False","/home/s/i/simone_siolin","2021","ReactionSurvey::ReactionSurveyContent","20/04/2021 14:12:26","20/04/2021 14:12:26"
"15151","False","12424","Formulário de inscrição - Idiomas ","0","False","/home/s/i/simone_siolin","2021","ReactionSurvey::ReactionSurveyContent","20/04/2021 14:48:47","20/04/2021 14:48:47"
"15152","False","12425","Formulário de inscrição - Idiomas ","0","False","/home/s/i/simone_siolin","2021","ReactionSurvey::ReactionSurveyContent","20/04/2021 15:19:13","20/04/2021 15:19:13"
"15251","False","12524","Formulário de inscrição - Idiomas Online Voxy","0","False","/home/s/i/simone_siolin","2021","ReactionSurvey::ReactionSurveyContent","20/04/2021 14:12:33","20/04/2021 14:33:41"
"15352","False","12625","Avaliação de Reação","0","False","/EDUCACAO CORPORATIVA/EDUCACAO CORPORATIVA AMIL /Academia da Saude Amil/Academia da Saude - Assistencial/Guta","2021","ReactionSurvey::ReactionSurveyContent","02/06/2021 08:55:02","02/06/2021 14:08:37"
"15453","False","12726","Formulário de inscrição - Idiomas","0","False","/home/s/i/simone_siolin","2021","ReactionSurvey::ReactionSurveyContent","08/06/2021 10:27:55","08/06/2021 10:27:55"
"15454","False","12727","Formulário de inscrição - Idiomas ","0","False","/home/s/i/simone_siolin","2021","ReactionSurvey::ReactionSurveyContent","08/06/2021 15:25:19","08/06/2021 15:55:36"
"15554","False","12827","Formulário de inscrição - Idiomas ","0","False","/home/s/i/simone_siolin","2021","ReactionSurvey::ReactionSurveyContent","08/06/2021 11:00:16","08/06/2021 11:00:16"
"15655","False","12928","Formulário Incentivo Educacional","0","False","/home/s/i/simone_siolin","2021","ReactionSurvey::ReactionSurveyContent","08/06/2021 18:13:05","08/06/2021 18:13:05"
"15756","False","13029","Presença","0","False","/home/m/a/mariane_lucia","2021","ReactionSurvey::ReactionSurveyContent","09/06/2021 09:57:31","09/06/2021 09:57:31"
"15757","False","13030","Presença","0","False","/home/m/a/mariane_lucia","2021","ReactionSurvey::ReactionSurveyContent","09/06/2021 09:57:34","09/06/2021 09:57:38"
"15857","False","13130","Avaliação de Reação","0","False","/EDUCACAO CORPORATIVA/EDUCACAO CORPORATIVA AMIL /Academia da Saude Amil/Academia da Saude - Assistencial/Priscila de Oliveira Machado","2021","ReactionSurvey::ReactionSurveyContent","17/06/2021 10:15:51","17/06/2021 10:15:51"
"15958","False","13231","Avaliação de Reação 2021 (EAD)","0","True","/","2021","ReactionSurvey::ReactionSurveyContent","22/06/2021 22:09:20","22/06/2021 22:09:20"
"16059","False","13332","Deixe seu Feedback para Universidade de Vendas Amil","0","True","/","2021","ReactionSurvey::ReactionSurveyContent","20/07/2021 20:44:51","20/07/2021 20:47:03"
"16160","False","13433","Formulário de inscrição - Idiomas Online Voxy 3° entrada","0","False","/home/s/i/simone_siolin","2021","ReactionSurvey::ReactionSurveyContent","27/07/2021 12:14:02","27/07/2021 12:14:02"
"16261","False","13534","Avaliação de reação - Novas condutas de autorização prévia ","0","False","/OPERACOES E CUSTOMER SERVICE /CALL CENTER - 2022/CALL CENTER/2021_2020 Tambore /2021","2021","ReactionSurvey::ReactionSurveyContent","13/08/2021 13:13:35","13/08/2021 13:19:12"
"16362","False","13635","Avaliação de Reação - Treinamento Estratégico","0","True","/","2021","ReactionSurvey::ReactionSurveyContent","20/08/2021 14:22:11","20/08/2021 14:22:11"
"16463","False","13736","Avaliação de Reação - Treinamento Estratégico","0","True","/","2021","ReactionSurvey::ReactionSurveyContent","20/08/2021 14:22:14","20/08/2021 14:22:14"
"16564","False","13837","Avaliação de Reação - Treinamento Estratégico","0","False","/OPERACOES E CUSTOMER SERVICE /Treinamento Operacoes/EAD - Ferramenta Citrix - Atendimento ao Prestador","2021","ReactionSurvey::ReactionSurveyContent","20/08/2021 14:22:18","10/09/2021 08:50:00"
"16665","False","13938","Emergências obstétricas","0","False","/home/e/d/edilaine_vasconcelo","2021","ReactionSurvey::ReactionSurveyContent","09/09/2021 17:45:26","09/09/2021 17:45:26"
"16766","False","14039","Avaliação de Reação  - Manejo de Via Aérea Avançada","0","True","/","2021","ReactionSurvey::ReactionSurveyContent","16/09/2021 08:45:46","16/09/2021 09:21:25"
"16867","False","14140","Formulário Incentivo Educacional 4° entrada 2021","0","False","/home/s/i/simone_siolin","2021","ReactionSurvey::ReactionSurveyContent","27/09/2021 14:56:48","27/09/2021 14:56:48"
"16968","False","14241","Formulário Incentivo Educacional 4° entrada 2021","0","False","/home/s/i/simone_siolin","2021","ReactionSurvey::ReactionSurveyContent","27/09/2021 14:56:57","27/09/2021 14:56:57"
"17069","False","14342","Formulário de inscrição - Incentivo Educacional 4° entrada 2021","0","False","/home/s/i/simone_siolin","2021","ReactionSurvey::ReactionSurveyContent","27/09/2021 14:58:39","27/09/2021 14:58:39"
"17170","False","14443","Avaliação de reação","0","False","/home/g/a/gabriele_pedrosa_1","2021","ReactionSurvey::ReactionSurveyContent","20/10/2021 09:54:12","20/10/2021 09:54:12"
"17271","False","14544","Avaliação de Reação (PRESENCIAL/REMOTO) - Instrutores Diversos","0","False","/OPERACOES E CUSTOMER SERVICE /Treinamento Operacoes/Pesquisa Reacao","2021","ReactionSurvey::ReactionSurveyContent","03/11/2021 15:22:26","04/11/2021 10:35:21"
"17372","False","14645","Formulário de Idiomas 4° entrada Online ","0","False","/home/s/i/simone_siolin","2021","ReactionSurvey::ReactionSurveyContent","09/11/2021 13:45:46","09/11/2021 16:07:37"
"17473","False","14746","Formulário de inscrição - Idiomas 4° entrada Presencial ","0","False","/home/s/i/simone_siolin","2021","ReactionSurvey::ReactionSurveyContent","10/11/2021 15:30:01","10/11/2021 15:30:01"
"17574","False","14847","Formulário de Idiomas - 4° entrada presencial ","0","False","/home/s/i/simone_siolin","2021","ReactionSurvey::ReactionSurveyContent","10/11/2021 15:42:32","10/11/2021 15:42:32"
"17675","False","14948","Avaliação de Reação ","0","False","/EDUCACAO CORPORATIVA/Nucleo de Solucoes de Aprendizagem","2021","ReactionSurvey::ReactionSurveyContent","22/11/2021 12:43:18","22/11/2021 13:04:10"
"17776","False","15049","Reciclagem SAC -  Avalição de reação","0","False","/OPERACOES E CUSTOMER SERVICE /CALL CENTER - 2022/CALL CENTER/2021_2020 Tambore /Reciclagem SAC","2021","ReactionSurvey::ReactionSurveyContent","26/11/2021 10:35:01","26/11/2021 10:35:01"
"17877","False","15150","Avaliação de Reação 2022 - EAD","0","True","/","2021","ReactionSurvey::ReactionSurveyContent","30/12/2021 12:22:07","30/12/2021 12:22:07"
"17978","False","15251","Avaliação de Reação","0","False","/home/n/a/nayra_melo","2021","ReactionSurvey::ReactionSurveyContent","13/01/2022 14:36:09","13/01/2022 14:36:09"
"18079","False","15352","Avaliação de reação","0","False","/CARE DELIVERY/TREINAMENTO","2021","ReactionSurvey::ReactionSurveyContent","18/01/2022 08:52:39","18/01/2022 08:52:39"
"18180","False","15453","Avaliação de reação","0","False","/CARE DELIVERY/TREINAMENTO","2021","ReactionSurvey::ReactionSurveyContent","18/01/2022 09:36:46","18/01/2022 09:36:46"
"18281","False","15554","Avaliação de reação","0","False","/CARE DELIVERY/TREINAMENTO","2021","ReactionSurvey::ReactionSurveyContent","18/01/2022 09:40:09","18/01/2022 09:40:09"
"18382","False","15655","Avaliação de reação","0","False","/CARE DELIVERY/TREINAMENTO","2021","ReactionSurvey::ReactionSurveyContent","18/01/2022 09:42:10","18/01/2022 09:42:10"
"18483","False","15756","PARA INÍCIO DE CONVERSA...","0","True","/","2021","ReactionSurvey::ReactionSurveyContent","24/01/2022 17:23:41","24/01/2022 17:23:41"
"18584","False","15857","Avaliação de Reação 2021 (Presencial/Remoto)","0","False","/OPERACOES E CUSTOMER SERVICE /01-TR OPERACOES - 2022/CONTUMAZ","2021","ReactionSurvey::ReactionSurveyContent","09/02/2022 14:08:16","09/02/2022 14:08:16"
"18685","False","15958","Formulário de inscrição – Idiomas Presencial – 1° entrada 2022","0","False","/home/s/i/simone_siolin","2021","ReactionSurvey::ReactionSurveyContent","16/02/2022 15:48:00","16/02/2022 15:48:00"
"18786","False","16059","Formulário Incentivo Educacional 2022 - 1° entrada","0","False","/home/s/i/simone_siolin","2021","ReactionSurvey::ReactionSurveyContent","17/02/2022 21:33:02","17/02/2022 21:33:02"
"18887","False","16160","Social Selling - Pesquisa de Satisfação","0","False","/UNIVERSIDADE DE VENDAS/GESTAO PASSADA /2022","2021","ReactionSurvey::ReactionSurveyContent","04/03/2022 11:20:40","19/05/2022 15:46:40"
"18988","False","16261","Formulário de Idiomas 1° entrada 2022 Online","0","False","/home/s/i/simone_siolin","2021","ReactionSurvey::ReactionSurveyContent","14/03/2022 15:41:11","14/03/2022 15:41:11"
"19089","False","16362","Avaliação de Reação - Módulo I","0","False","/EDUCACAO CORPORATIVA/Nucleo de Solucoes de Aprendizagem/Avaliacao de Reacao - Time de Pele","2021","ReactionSurvey::ReactionSurveyContent","24/03/2022 17:25:51","24/03/2022 17:25:51"
"19090","False","16363","Avaliação de Reação - Módulo X ","0","False","/EDUCACAO CORPORATIVA/Nucleo de Solucoes de Aprendizagem/Avaliacao de Reacao - Time de Pele","2021","ReactionSurvey::ReactionSurveyContent","24/03/2022 18:37:23","24/03/2022 18:37:23"
"19190","False","16463","Avaliação de Reação - Módulo II","0","False","/EDUCACAO CORPORATIVA/Nucleo de Solucoes de Aprendizagem/Avaliacao de Reacao - Time de Pele","2021","ReactionSurvey::ReactionSurveyContent","24/03/2022 17:39:32","24/03/2022 17:39:32"
"19191","False","16464","Avaliação de Reação - Módulo VII","0","False","/EDUCACAO CORPORATIVA/Nucleo de Solucoes de Aprendizagem/Avaliacao de Reacao - Time de Pele","2021","ReactionSurvey::ReactionSurveyContent","24/03/2022 18:19:57","24/03/2022 18:19:57"
"19291","False","16564","Avaliação de Reação - Módulo III","0","False","/EDUCACAO CORPORATIVA/Nucleo de Solucoes de Aprendizagem/Avaliacao de Reacao - Time de Pele","2021","ReactionSurvey::ReactionSurveyContent","24/03/2022 17:48:51","24/03/2022 17:48:51"
"19292","False","16565","Avaliação de Reação - Módulo VI ","0","False","/EDUCACAO CORPORATIVA/Nucleo de Solucoes de Aprendizagem/Avaliacao de Reacao - Time de Pele","2021","ReactionSurvey::ReactionSurveyContent","24/03/2022 18:11:27","24/03/2022 18:11:27"
"19392","False","16665","Avaliação de Reação - Módulo IV","0","False","/EDUCACAO CORPORATIVA/Nucleo de Solucoes de Aprendizagem/Avaliacao de Reacao - Time de Pele","2021","ReactionSurvey::ReactionSurveyContent","24/03/2022 17:55:58","24/03/2022 17:55:58"
"19493","False","16766","Avaliação de Reação - Módulo V","0","False","/EDUCACAO CORPORATIVA/Nucleo de Solucoes de Aprendizagem/Avaliacao de Reacao - Time de Pele","2021","ReactionSurvey::ReactionSurveyContent","24/03/2022 18:00:46","24/03/2022 18:00:46"
"19494","False","16767","Avaliação de Reação - Módulo VIII","0","False","/EDUCACAO CORPORATIVA/Nucleo de Solucoes de Aprendizagem/Avaliacao de Reacao - Time de Pele","2021","ReactionSurvey::ReactionSurveyContent","24/03/2022 18:24:26","24/03/2022 18:24:26"
"19594","False","16867","Avaliação de Reação - Módulo IX ","0","False","/EDUCACAO CORPORATIVA/Nucleo de Solucoes de Aprendizagem/Avaliacao de Reacao - Time de Pele","2021","ReactionSurvey::ReactionSurveyContent","24/03/2022 18:28:37","24/03/2022 18:28:37"
"19695","False","16968","AVALIAÇÃO DE REAÇÃO - EVENTOS","0","True","/","2021","ReactionSurvey::ReactionSurveyContent","28/03/2022 18:31:30","28/03/2022 18:31:30"
"19796","False","17069","AVALIAÇÃO DE REAÇÃO - EVENTOS 2022","0","True","/","2021","ReactionSurvey::ReactionSurveyContent","28/03/2022 18:54:21","28/03/2022 21:47:23"
"19897","False","17170","AVALIAÇÃO DE REAÇÃO REMOTO ","0","True","/","2021","ReactionSurvey::ReactionSurveyContent","28/03/2022 19:16:06","28/03/2022 19:16:06"
"19898","False","17171","AVALIAÇÃO DE REAÇÃO EAD - SET-2022","0","False","/OPERACOES E CUSTOMER SERVICE /01-TR OPERACOES - 2022/AVALIACAO DE REACAO/AVALIACAO REACAO - JAN-SET 2022","2021","ReactionSurvey::ReactionSurveyContent","28/03/2022 21:48:11","01/10/2022 22:44:56"
"19998","False","17271","AVALIAÇÃO DE REAÇÃO (PRESENCIAL E REMOTO) -  SET 2022","0","False","/OPERACOES E CUSTOMER SERVICE /01-TR OPERACOES - 2022/AVALIACAO DE REACAO/AVALIACAO REACAO - JAN-SET 2022","2021","ReactionSurvey::ReactionSurveyContent","28/03/2022 19:19:48","01/10/2022 22:59:39"
"20099","False","17372","Avaliação de Reação - Aula I","0","False","/EDUCACAO CORPORATIVA/Nucleo de Solucoes de Aprendizagem/Programa de Formacao de Avaliadores Internos/Avaliacao de Reacao","2021","ReactionSurvey::ReactionSurveyContent","30/03/2022 12:22:28","12/04/2022 09:30:12"
"20100","False","17373","Avaliação de Reação - Aula IV","0","False","/EDUCACAO CORPORATIVA/Nucleo de Solucoes de Aprendizagem/Programa de Formacao de Avaliadores Internos/Avaliacao de Reacao","2021","ReactionSurvey::ReactionSurveyContent","30/03/2022 12:52:49","30/03/2022 12:52:49"
"20200","False","17473","Avaliação de Reação - Aula II","0","False","/EDUCACAO CORPORATIVA/Nucleo de Solucoes de Aprendizagem/Programa de Formacao de Avaliadores Internos/Avaliacao de Reacao","2021","ReactionSurvey::ReactionSurveyContent","30/03/2022 12:28:40","30/03/2022 12:28:40"
"20201","False","17474","Avaliação de Reação  - Aula III","0","False","/EDUCACAO CORPORATIVA/Nucleo de Solucoes de Aprendizagem/Programa de Formacao de Avaliadores Internos/Avaliacao de Reacao","2021","ReactionSurvey::ReactionSurveyContent","30/03/2022 12:43:18","12/04/2022 09:35:09"
"20301","False","17574","Avaliação de Reação - Aula V","0","True","/","2021","ReactionSurvey::ReactionSurveyContent","06/04/2022 15:07:41","22/12/2022 10:08:39"
"20402","False","17675","Avaliação de Reação - Aula V","0","False","/EDUCACAO CORPORATIVA/Nucleo de Solucoes de Aprendizagem/Programa de Formacao de Avaliadores Internos/Avaliacao de Reacao","2021","ReactionSurvey::ReactionSurveyContent","12/04/2022 12:38:00","12/04/2022 12:38:00"
"20503","False","17776","ava[[[[[[[[[[[[[[[[[[[[[[[","0","False","/home/n/a/nayra_melo","2021","ReactionSurvey::ReactionSurveyContent","14/04/2022 07:15:12","14/04/2022 07:15:12"
"20504","False","17777","ava[[[[[[[[[[[[[[[[[[[[[[[","0","False","/home/n/a/nayra_melo","2021","ReactionSurvey::ReactionSurveyContent","14/04/2022 07:15:19","14/04/2022 07:15:19"
"20505","False","17778","ava[[[[[[[[[[[[[[[[[[[[[[[","0","False","/home/n/a/nayra_melo","2021","ReactionSurvey::ReactionSurveyContent","14/04/2022 07:15:22","14/04/2022 07:15:22"
"20506","False","17779","ava[[[[[[[[[[[[[[[[[[[[[[[","0","False","/home/n/a/nayra_melo","2021","ReactionSurvey::ReactionSurveyContent","14/04/2022 07:15:22","14/04/2022 07:15:22"
"20604","False","17877","ava[[[[[[[[[[[[[[[[[[[[[[[","0","False","/home/n/a/nayra_melo","2021","ReactionSurvey::ReactionSurveyContent","14/04/2022 07:15:14","14/04/2022 07:15:14"
"20705","False","17978","ava[[[[[[[[[[[[[[[[[[[[[[[","0","False","/home/n/a/nayra_melo","2021","ReactionSurvey::ReactionSurveyContent","14/04/2022 07:15:15","14/04/2022 07:15:15"
"20706","False","17979","ava[[[[[[[[[[[[[[[[[[[[[[[","0","False","/home/n/a/nayra_melo","2021","ReactionSurvey::ReactionSurveyContent","14/04/2022 07:15:19","14/04/2022 07:15:19"
"20707","False","17980","ava[[[[[[[[[[[[[[[[[[[[[[[","0","False","/home/n/a/nayra_melo","2021","ReactionSurvey::ReactionSurveyContent","14/04/2022 07:15:22","14/04/2022 07:15:22"
"20708","False","17981","ava[[[[[[[[[[[[[[[[[[[[[[[","0","False","/home/n/a/nayra_melo","2021","ReactionSurvey::ReactionSurveyContent","14/04/2022 07:15:25","14/04/2022 07:15:25"
"20709","False","17982","ava[[[[[[[[[[[[[[[[[[[[[[[","0","False","/home/n/a/nayra_melo","2021","ReactionSurvey::ReactionSurveyContent","14/04/2022 07:15:26","14/04/2022 07:15:26"
"20806","False","18079","ava[[[[[[[[[[[[[[[[[[[[[[[","0","False","/home/n/a/nayra_melo","2021","ReactionSurvey::ReactionSurveyContent","14/04/2022 07:15:16","14/04/2022 07:15:16"
"20907","False","18180","ava[[[[[[[[[[[[[[[[[[[[[[[","0","False","/home/n/a/nayra_melo","2021","ReactionSurvey::ReactionSurveyContent","14/04/2022 07:15:18","14/04/2022 07:15:18"
"20908","False","18181","ava[[[[[[[[[[[[[[[[[[[[[[[","0","False","/home/n/a/nayra_melo","2021","ReactionSurvey::ReactionSurveyContent","14/04/2022 07:15:19","14/04/2022 07:15:19"
"20909","False","18182","ava[[[[[[[[[[[[[[[[[[[[[[[","0","False","/home/n/a/nayra_melo","2021","ReactionSurvey::ReactionSurveyContent","14/04/2022 07:15:19","14/04/2022 07:15:19"
"20910","False","18183","ava[[[[[[[[[[[[[[[[[[[[[[[","0","False","/home/n/a/nayra_melo","2021","ReactionSurvey::ReactionSurveyContent","14/04/2022 07:15:24","14/04/2022 07:15:24"
"21008","False","18281","ava[[[[[[[[[[[[[[[[[[[[[[[","0","False","/home/n/a/nayra_melo","2021","ReactionSurvey::ReactionSurveyContent","14/04/2022 07:15:21","14/04/2022 07:15:21"
"21109","False","18382","Novo Conecte-se com Amil","0","True","/","2021","ReactionSurvey::ReactionSurveyContent","18/04/2022 13:01:13","18/04/2022 13:01:13"
"21210","False","18483","Avaliação de Reação - Aula VI","0","False","/EDUCACAO CORPORATIVA/Nucleo de Solucoes de Aprendizagem/Programa de Formacao de Avaliadores Internos/Avaliacao de Reacao","2021","ReactionSurvey::ReactionSurveyContent","27/04/2022 10:45:18","27/04/2022 10:59:00"
"21311","False","18584","Conte um pouco da sua experiencia!!","0","True","/","2021","ReactionSurvey::ReactionSurveyContent","28/04/2022 12:07:25","28/04/2022 15:18:10"
"21412","False","18685","Formulário de inscrição – Idiomas Presencial – 2° entrada 2022","0","False","/home/s/i/simone_siolin","2021","ReactionSurvey::ReactionSurveyContent","13/05/2022 09:29:33","13/05/2022 09:39:48"
"21513","False","18786","  Formulário de Idiomas 2° entrada 2022 Online","0","False","/home/s/i/simone_siolin","2021","ReactionSurvey::ReactionSurveyContent","13/05/2022 09:50:48","13/05/2022 09:50:48"
"21614","False","18887","Avaliação de Reação - Aula VII","0","False","/EDUCACAO CORPORATIVA/Nucleo de Solucoes de Aprendizagem/Programa de Formacao de Avaliadores Internos/Avaliacao de Reacao","2021","ReactionSurvey::ReactionSurveyContent","19/05/2022 14:59:57","19/05/2022 14:59:57"
"21715","False","18988","Formulário Incentivo Educacional - 2° entrada 2022","0","False","/home/s/i/simone_siolin","2021","ReactionSurvey::ReactionSurveyContent","25/05/2022 21:07:59","25/05/2022 21:20:17"
"21816","False","19089","Avaliação de Reação - Aula VIII","0","False","/EDUCACAO CORPORATIVA/Nucleo de Solucoes de Aprendizagem/Programa de Formacao de Avaliadores Internos/Avaliacao de Reacao","2021","ReactionSurvey::ReactionSurveyContent","01/06/2022 17:49:35","21/06/2022 11:38:27"
"21917","False","19190","Avaliação de Reação - Aula IX","0","False","/EDUCACAO CORPORATIVA/Nucleo de Solucoes de Aprendizagem/Programa de Formacao de Avaliadores Internos/Avaliacao de Reacao","2021","ReactionSurvey::ReactionSurveyContent","21/06/2022 11:39:22","21/06/2022 11:47:34"
"22018","False","4848","Atividade Presencial","0","False","/home/p/r/priscila_machado","2020","Video::WebMeetingContent","27/06/2022 09:26:21","27/06/2022 09:26:21"
"22119","False","19291","Queremos ouvir você","0","False","/UNIVERSIDADE DE VENDAS/GESTAO PASSADA /2022","2021","ReactionSurvey::ReactionSurveyContent","01/07/2022 15:53:36","01/07/2022 15:56:53"
"22220","False","19392","Avaliação de reação 2022 CWB","0","False","/OPERACOES E CUSTOMER SERVICE /CALL CENTER - 2022","2021","ReactionSurvey::ReactionSurveyContent","12/07/2022 09:42:11","12/07/2022 09:42:11"
"22321","False","19493","Formulário Incentivo Educacional - 3° entrada 2022","0","False","/home/s/i/simone_siolin","2021","ReactionSurvey::ReactionSurveyContent","26/07/2022 14:46:55","26/07/2022 14:46:55"
"22422","False","19594","avaliação de desemp","0","False","/home/k/e/kelwin_carneiro","2021","ReactionSurvey::ReactionSurveyContent","29/07/2022 12:10:25","29/07/2022 12:10:25"
"22523","False","19695","Avaliação de Reação - Aula X","0","False","/EDUCACAO CORPORATIVA/Nucleo de Solucoes de Aprendizagem/Programa de Formacao de Avaliadores Internos/Avaliacao de Reacao","2021","ReactionSurvey::ReactionSurveyContent","04/08/2022 11:43:28","04/08/2022 11:43:28"
"22524","False","19696","Avaliação de Reação","0","False","/EDUCACAO CORPORATIVA/Nucleo de Solucoes de Aprendizagem/Amil - Educacao Corporativa","2021","ReactionSurvey::ReactionSurveyContent","04/08/2022 14:43:51","04/08/2022 14:43:51"
"22525","False","19697","Avaliação de Reação - Aula XV","0","False","/EDUCACAO CORPORATIVA/Nucleo de Solucoes de Aprendizagem/Programa de Formacao de Avaliadores Internos/Avaliacao de Reacao","2021","ReactionSurvey::ReactionSurveyContent","04/08/2022 14:59:50","04/08/2022 14:59:50"
"22526","False","19698","Avaliação de Reação - Aula XVI","0","False","/EDUCACAO CORPORATIVA/Nucleo de Solucoes de Aprendizagem/Programa de Formacao de Avaliadores Internos/Avaliacao de Reacao","2021","ReactionSurvey::ReactionSurveyContent","04/08/2022 15:06:18","04/08/2022 15:06:18"
"22624","False","19796","Avaliação de Reação - Aula XI","0","False","/EDUCACAO CORPORATIVA/Nucleo de Solucoes de Aprendizagem/Programa de Formacao de Avaliadores Internos/Avaliacao de Reacao","2021","ReactionSurvey::ReactionSurveyContent","04/08/2022 11:53:45","04/08/2022 11:53:45"
"22725","False","19897","Avaliação de Reação - Aula XII","0","False","/EDUCACAO CORPORATIVA/Nucleo de Solucoes de Aprendizagem/Programa de Formacao de Avaliadores Internos/Avaliacao de Reacao","2021","ReactionSurvey::ReactionSurveyContent","04/08/2022 11:59:25","04/08/2022 11:59:25"
"22726","False","19898","Avaliação de Reação - Aula XIII","0","False","/EDUCACAO CORPORATIVA/Nucleo de Solucoes de Aprendizagem/Programa de Formacao de Avaliadores Internos/Avaliacao de Reacao","2021","ReactionSurvey::ReactionSurveyContent","04/08/2022 13:54:31","04/08/2022 13:54:31"
"22826","False","19998","Avaliação de Reação - Aula XIV","0","False","/","2021","ReactionSurvey::ReactionSurveyContent","04/08/2022 14:16:34","04/08/2022 14:16:34"
"22927","False","20099","Avaliação de Reação - Aula XIV","0","False","/EDUCACAO CORPORATIVA/Nucleo de Solucoes de Aprendizagem/Programa de Formacao de Avaliadores Internos/Avaliacao de Reacao","2021","ReactionSurvey::ReactionSurveyContent","04/08/2022 14:52:46","04/08/2022 14:52:46"
"23028","False","20200","Avaliação de Reação - Aula XVII","0","False","/EDUCACAO CORPORATIVA/Nucleo de Solucoes de Aprendizagem/Programa de Formacao de Avaliadores Internos/Avaliacao de Reacao","2021","ReactionSurvey::ReactionSurveyContent","04/08/2022 15:22:43","04/08/2022 15:22:43"
"23129","False","20301","Formulário de inscrição – Idiomas Presencial – 3° entrada 2022","0","False","/","2021","ReactionSurvey::ReactionSurveyContent","24/08/2022 09:57:02","24/08/2022 09:57:02"
"23230","False","20402","Formulário de inscrição – Idiomas Presencial – 3° entrada 2022","0","False","/home/s/i/simone_siolin","2021","ReactionSurvey::ReactionSurveyContent","24/08/2022 11:52:16","24/08/2022 11:52:16"
"23231","False","20403","Formulário de Idiomas 3° entrada 2022 Online","0","False","/home/s/i/simone_siolin","2021","ReactionSurvey::ReactionSurveyContent","24/08/2022 12:28:13","24/08/2022 12:34:46"
"23331","False","20503","NIP","0","False","/Performance de Valor/Colaborador/Avaliacoes de Conhecimento","2021","ReactionSurvey::ReactionSurveyContent","16/09/2022 14:14:41","16/09/2022 14:14:41"
"23432","False","4949","teste","0","True","/","2020","Video::WebMeetingContent","21/09/2022 08:25:11","21/09/2022 08:25:11"
"23533","False","20604","AVALIAÇÃO DE REAÇÃO","0","True","/","2021","ReactionSurvey::ReactionSurveyContent","21/09/2022 11:46:03","21/09/2022 11:46:03"
"23634","False","20705","Avaliação de Reação - EAD","0","False","/EDUCACAO CORPORATIVA/EDUCACAO CORPORATIVA AMIL /AMIL EDUCACAO","2021","ReactionSurvey::ReactionSurveyContent","26/09/2022 15:17:05","17/02/2023 13:16:06"
"23735","False","20806","AVALIAÇÃO REAÇÃO EAD - 2022","0","False","/OPERACOES E CUSTOMER SERVICE /01-TR OPERACOES - 2022/AVALIACAO DE REACAO/AVALIACAO REACAO  - OUT-DEZ 2022","2021","ReactionSurvey::ReactionSurveyContent","30/09/2022 09:57:22","01/10/2022 23:02:42"
"23836","False","20907","AVALIACAO REAÇÃO (PRESENCIAL/REMOTO) 2022 ","0","False","/OPERACOES E CUSTOMER SERVICE /01-TR OPERACOES - 2022/AVALIACAO DE REACAO/AVALIACAO REACAO  - OUT-DEZ 2022","2021","ReactionSurvey::ReactionSurveyContent","01/10/2022 23:04:15","11/11/2022 10:35:38"
"23937","False","21008","AVALIAÇÃO REAÇÃO (PRES/REMOTO) 2022 (+)","0","True","/","2021","ReactionSurvey::ReactionSurveyContent","01/10/2022 23:28:50","01/10/2022 23:28:50"
"24038","False","5050","Teste UVA","0","False","/home/j/o/jose_gatti","2020","Video::WebMeetingContent","13/10/2022 09:25:20","13/10/2022 09:25:20"
"24139","False","21109","Teste UVA","0","True","/","2021","ReactionSurvey::ReactionSurveyContent","13/10/2022 09:46:49","13/10/2022 09:46:49"
"24240","False","21210","Nos conte o que você achou do treinamento!","0","False","/UNIVERSIDADE DE VENDAS/4 - RECURSOS PADRAO (PRESENCA, AVALIACAO, TERMO)","2021","ReactionSurvey::ReactionSurveyContent","14/10/2022 16:52:33","11/01/2024 14:35:05"
"24341","False","21311","AVALIACAO DE REAÇÃO - DARCINELY","0","False","/OPERACOES E CUSTOMER SERVICE /01-TR OPERACOES - 2022/AVALIACAO DE REACAO/AVALIACAO REACAO  - OUT-DEZ 2022/AVALIACAO POR ANALISTAS","2021","ReactionSurvey::ReactionSurveyContent","31/10/2022 08:21:10","31/10/2022 08:21:10"
"24442","False","21412","AVALIAÇÃO DE REAÇÃO - RENATA FELIX","0","False","/OPERACOES E CUSTOMER SERVICE /01-TR OPERACOES - 2022/AVALIACAO DE REACAO/AVALIACAO REACAO  - OUT-DEZ 2022/AVALIACAO POR ANALISTAS","2021","ReactionSurvey::ReactionSurveyContent","31/10/2022 08:50:44","31/10/2022 08:50:44"
"24543","False","21513","Nos conte o que você achou do treinamento","0","True","/","2021","ReactionSurvey::ReactionSurveyContent","09/11/2022 14:04:08","09/11/2022 14:05:57"
"24644","False","21614","AVALIAÇÃO REAÇÃO - KARIM","0","False","/OPERACOES E CUSTOMER SERVICE /01-TR OPERACOES - 2022/AVALIACAO DE REACAO/AVALIACAO REACAO  - OUT-DEZ 2022/AVALIACAO POR ANALISTAS","2021","ReactionSurvey::ReactionSurveyContent","13/11/2022 20:01:52","13/11/2022 20:01:52"
"24745","False","21715","AVALIAÇÃO DE REAÇÃO (PRESENCIAL/REMOTO) ","0","True","/","2021","ReactionSurvey::ReactionSurveyContent","28/12/2022 13:54:33","28/12/2022 13:58:00"
"24846","False","21816","AVALIAÇÃO DE REAÇÃO  (PRESENCIAL/REMOTO)","0","False","/OPERACOES E CUSTOMER SERVICE /01-TR OPERACOES - 2022/AVALIACAO DE REACAO/AVALIACAO DE REACAO - MODELO 2023","2021","ReactionSurvey::ReactionSurveyContent","28/12/2022 13:59:36","20/01/2023 17:35:49"
"24847","False","21817","AVALIAÇÃO DE REAÇÃO - EAD","0","False","/OPERACOES E CUSTOMER SERVICE /01-TR OPERACOES - 2022/AVALIACAO DE REACAO/AVALIACAO DE REACAO - MODELO 2023","2021","ReactionSurvey::ReactionSurveyContent","28/12/2022 14:37:12","28/12/2022 14:37:16"
"24947","False","21917","Avaliação de reação - Geral","0","False","/Talent/AMIL UHG/Avaliacao de Reacao","2021","ReactionSurvey::ReactionSurveyContent","18/01/2023 10:19:12","07/12/2023 11:22:07"
"25048","False","22018","Formulário de Idiomas - Estagiários 2023 ","0","False","/home/s/i/simone_siolin","2021","ReactionSurvey::ReactionSurveyContent","24/01/2023 16:16:10","24/01/2023 16:16:10"
"25149","False","22119","Avaliação de Reação: Manhã com Estratégia","0","False","/Talent/AMIL UHG/Avaliacao de Reacao","2021","ReactionSurvey::ReactionSurveyContent","10/02/2023 09:18:10","10/02/2023 09:21:21"
"25250","False","22220","AVR TESTE","0","False","/Talent/AMIL UHG/Avaliacao de Reacao","2021","ReactionSurvey::ReactionSurveyContent","10/02/2023 09:26:36","10/02/2023 09:26:36"
"25351","False","22321","Avaliação de reação - Onboarding Líder","0","False","/Talent/AMIL UHG/Avaliacao de Reacao","2021","ReactionSurvey::ReactionSurveyContent","17/02/2023 10:40:21","29/09/2023 12:13:29"
"25452","False","22422","Avaliação de Reação - Presencial/Blended","0","False","/EDUCACAO CORPORATIVA/EDUCACAO CORPORATIVA AMIL /AMIL EDUCACAO","2021","ReactionSurvey::ReactionSurveyContent","17/02/2023 13:30:45","16/05/2023 10:18:47"
"25553","False","22523","Avaliação de Reação - Presencial","0","False","/Talent/AMIL UHG/Avaliacao de Reacao","2021","ReactionSurvey::ReactionSurveyContent","11/04/2023 16:09:16","11/04/2023 16:09:16"
"25654","False","22624","Queremos saber sua opinião!","0","False","/home/e/r/erica_biondo","2021","ReactionSurvey::ReactionSurveyContent","19/04/2023 15:49:45","19/04/2023 15:49:45"
"25755","False","22725","Avaliação de Reação","0","False","/home/s/i/simone_siolin","2021","ReactionSurvey::ReactionSurveyContent","09/05/2023 15:18:28","09/05/2023 15:18:28"
"25856","False","22826","Avaliação de Reação ","0","False","/home/l/e/leticia_silva_68","2021","ReactionSurvey::ReactionSurveyContent","12/05/2023 08:46:45","12/05/2023 08:46:45"
"25857","False","22827","Avaliação de Reação","0","True","/","2021","ReactionSurvey::ReactionSurveyContent","12/05/2023 11:23:07","12/05/2023 11:23:07"
"25957","False","22927","Avaliação de Reação","0","False","/home/l/e/leticia_silva_68","2021","ReactionSurvey::ReactionSurveyContent","12/05/2023 08:49:18","12/05/2023 08:49:18"
"25958","False","22928","Avaliação de Reação","0","True","/","2021","ReactionSurvey::ReactionSurveyContent","12/05/2023 11:18:32","12/05/2023 11:18:32"
"26058","False","23028","Avaliação de Reação","0","True","/","2021","ReactionSurvey::ReactionSurveyContent","12/05/2023 11:37:36","12/05/2023 11:37:36"
"26159","False","23129","teste 1","0","False","/","2021","ReactionSurvey::ReactionSurveyContent","15/05/2023 16:22:18","15/05/2023 16:22:18"
"26260","False","23230","Formulário de Idiomas 2023 - 1° entrada","0","False","/home/s/i/simone_siolin","2021","ReactionSurvey::ReactionSurveyContent","01/06/2023 17:24:47","01/06/2023 17:24:47"
"26361","False","23331","Formulário de Idiomas 2023 - 1° entrada ","0","False","/home/s/i/simone_siolin","2021","ReactionSurvey::ReactionSurveyContent","01/06/2023 17:29:43","01/06/2023 17:29:43"
"26462","False","23432","Formulário de Idiomas - 2023","0","False","/home/s/i/simone_siolin","2021","ReactionSurvey::ReactionSurveyContent","01/06/2023 17:37:12","01/06/2023 17:37:12"
"26563","False","23533","Queremos saber sua opinião","0","False","/Performance de Valor/Colaborador/Arquivos","2021","ReactionSurvey::ReactionSurveyContent","13/06/2023 14:48:21","13/06/2023 14:48:28"
"26664","False","23634","Queremos saber sua opinião","0","False","/Performance de Valor/Colaborador/Arquivos","2021","ReactionSurvey::ReactionSurveyContent","13/06/2023 14:56:06","13/06/2023 14:56:06"
"26765","False","23735","Avaliação de Reação","0","False","/home/e/d/edna_benigno","2021","ReactionSurvey::ReactionSurveyContent","26/06/2023 15:57:30","26/06/2023 15:57:30"
"26866","False","23836","Avaliação de Reação","0","False","/home/e/d/edna_benigno","2021","ReactionSurvey::ReactionSurveyContent","27/06/2023 16:04:41","27/06/2023 16:04:41"
"26967","False","23937","Avaliação de Reação","0","False","/home/3/7/37003842","2021","ReactionSurvey::ReactionSurveyContent","31/07/2023 14:51:11","31/07/2023 14:51:11"
"27068","False","24038","Avaliação de Reação","0","False","/home/3/7/37003842","2021","ReactionSurvey::ReactionSurveyContent","31/07/2023 14:55:30","31/07/2023 14:55:30"
"27169","False","5151","Atividade On-line","0","False","/home/3/7/37033740","2020","Video::WebMeetingContent","03/08/2023 16:47:03","03/08/2023 16:47:03"
"27270","False","5252","teste","0","False","/UNIVERSIDADE DE VENDAS/GESTAO PASSADA /2022","2020","Video::WebMeetingContent","11/08/2023 19:32:26","11/08/2023 19:32:36"
"27371","False","24139","Nos conte o que você achou da Trilha!","0","False","/UNIVERSIDADE DE VENDAS/4 - RECURSOS PADRAO (PRESENCA, AVALIACAO, TERMO)","2021","ReactionSurvey::ReactionSurveyContent","28/08/2023 17:10:12","28/08/2023 17:13:20"
"27472","False","24240","Treinamento comercial Luciana ","0","False","/Teste Simone ","2021","ReactionSurvey::ReactionSurveyContent","22/09/2023 11:03:30","22/09/2023 11:03:30"
"27573","False","24341","Formulário Incentivo Educacional 2023","0","False","/home/3/7/37034770","2021","ReactionSurvey::ReactionSurveyContent","26/09/2023 15:18:02","26/09/2023 15:35:40"
"27674","False","24442","Avaliação de reação - Desenvolva UHG","0","False","/Talent/AMIL UHG/Avaliacao de Reacao","2021","ReactionSurvey::ReactionSurveyContent","17/11/2023 10:25:53","22/11/2023 12:13:32"
